Id,Name,sales_email,company_website,contact_page_url
1,ADM,,https://www.adm.com,https://www.adm.com/en-us/contact-us/
2,AIDP,,https://aidp.com,https://aidp.com/about-us-2/
3,Actus Nutrition,,https://actus.com,https://actus.com/contact/
4,American Botanicals,info@americanbotanicals.com,https://americanbotanicals.com,https://americanbotanicals.com/about/
5,Ashland,,https://www.ashland.com,https://www.ashland.com/about/about-ashland
6,Balchem,,https://balchem.com,https://balchem.com/about-us/
7,BulkSupplements,,https://www.bulksupplements.com,https://www.bulksupplements.com/pages/about-1
8,Cambrex,,https://www.cambrex.com,https://www.cambrex.com/about-us/
9,Capsuline,,https://capsuline.com,https://capsuline.com/pages/contact-us
10,Cargill,,https://www.cargill.com,https://www.cargill.com/about
11,Colorcon,,https://www.colorcon.com,https://www.colorcon.com/contact
12,Custom Probiotics,info@customprobiotics.com,https://www.customprobiotics.com,https://www.customprobiotics.com/mm5/merchant.mvc?Screen=CTUS&Store_Code=CP
13,Darling Ingredients / Rousselot,,https://www.darlingii.com,https://www.darlingii.com/about
14,FutureCeuticals,,https://www.futureceuticals.com,https://www.futureceuticals.com#about-us
15,Gold Coast Ingredients,,https://goldcoastinc.com,https://goldcoastinc.com/contact-us/
16,IFF,,https://www.iff.com,
17,Icelandirect,info@icelandirect.com,https://icelandirect.com,https://icelandirect.com/about-us/icelandic-premium-imported/
18,Ingredion,,https://www.ingredion.com,
19,Jost Chemical,custserv@jostchemical.com,https://www.jostchemical.com,https://www.jostchemical.com/sales-customer-service/
20,Koster Keunen,info@kosterkeunen.com,https://www.kosterkeunen.com,https://www.kosterkeunen.com/about-koster-keunen/
21,Magtein / ThreoTech LLC,hello@threotech.com,https://threotech.com,https://threotech.com/contact/
22,Makers Nutrition,,https://www.makersnutrition.com,https://www.makersnutrition.com/about-us
23,Mueggenburg USA,info@mueggenburgfarms.com,https://mueggenburg-usa.com,https://mueggenburg-usa.com/contact-us
24,Nutra Blend,,https://www.nutrablend.com,https://www.nutrablend.com/aboutus
25,Nutra Food Ingredients,islipchamberpres@gmail.com,https://www.islipchamberofcommerce.org,https://www.islipchamberofcommerce.org/about
26,Nutri Avenue,,https://www.nutriavenue.com,
27,Prinova USA,,https://www.prinovaglobal.com,
28,PureBulk,,https://www.sitelike.org,https://www.sitelike.org/contactus
29,Sawgrass Nutra Labs,,https://www.sawgrassnutralabs.com,
30,Sensient,accessibility@sensient.com,https://www.sensient.com,https://www.sensient.com/about-us
31,Source-Omega LLC,info@source-omega.com,https://www.source-omega.com,https://www.source-omega.com/about-pure-one/
32,Specialty Enzymes & Probiotics,sales@zionmarketresearch.com,https://www.zionmarketresearch.com,https://www.zionmarketresearch.com/about-us
33,Spectrum Chemical,,https://www.spectrumchemical.com,
34,Stauber,441-3900magee@stauberusa.com,https://www.stauberusa.com,https://www.stauberusa.com#%20
35,Strahl & Pitsch,,https://spwax.com,https://spwax.com/about
36,TCI America,,https://www.tcichemicals.com,
37,Trace Minerals,,https://www.pinterest.com,
38,Univar Solutions,,https://www.univarsolutions.com,
39,Virginia Dare,hello@incidecoder.com,https://incidecoder.com,https://incidecoder.com/about
40,Vitaquest,hello@incidecoder.com,https://incidecoder.com,https://incidecoder.com/about
